Repo,hash
PIP-Technical-Team/aux_censoring,3774858a698c80aeac3acbf343f5ee0faad124ab
PIP-Technical-Team/aux_country_list,6d14c6c7b019dfa217c968bf8b4f5effa1548827
PIP-Technical-Team/aux_cp,d9b0750ae8fdcc875d803db159e7a79ceac6a402
PIP-Technical-Team/aux_cpi,59f10c6586414abe4635186c4113b1cfbf584ee1
PIP-Technical-Team/aux_dictionary,3cc088afb140b940be8874626179fe2837a7b716
PIP-Technical-Team/aux_dlw,c51a7a271b3b8566e3bd2a0c749179a1a2fc9e6a
PIP-Technical-Team/aux_gdm,b138228eeb49559a94e21b23516a9c25dbc36ce1
PIP-Technical-Team/aux_gdp,1797c8b067befea525d8fee3c7831193b70ac603
PIP-Technical-Team/aux_income_groups,3dbf8467aa3fb09ef8053d43f039b7f9df79156b
PIP-Technical-Team/aux_indicators,9f9b82a41a86ea612ce9762a54032f7b6a61a2ae
PIP-Technical-Team/aux_maddison,8f99ca43bd7743c1da962760e2876981fac912d3
PIP-Technical-Team/aux_metadata,54ba7e3e9f597953ed59b567ea9431074bdc735f
PIP-Technical-Team/aux_npl,c2717dfd2ff274d109c1420017443662c61a5f3a
PIP-Technical-Team/aux_pce,6e5fa243d225112c8ff00d63b55be68ad9700886
PIP-Technical-Team/aux_pfw,f86fd59741c9e391b48b29a00bd26ea3e01836df
PIP-Technical-Team/aux_pl,958fe3030d222e3895227d04e8bcc1c329375064
PIP-Technical-Team/aux_pop,0df65f373fd9e3eb5985dc6a0135af15566c3215
PIP-Technical-Team/aux_ppp,752a5077d46973a45a70ccfddb38ea91fa615dac
PIP-Technical-Team/aux_regions,8747ef071d672ea6e7ef5bc40702e99310f04d01
PIP-Technical-Team/aux_shp,b42a9cd975aebde8125b9ebcc96e87d4b9d19ada
PIP-Technical-Team/aux_sna,da7d9bb9b7c0d445628ea54bceb401c4d08eb6af
PIP-Technical-Team/aux_sub,937dc962f7a3d39c2ae47e5b7e4d5b62c219e11f
PIP-Technical-Team/aux_wdi,ad7e20ec5688cd3f1daadbc19c64ceb4f82e0e95
PIP-Technical-Team/aux_weo,a7e38efec2db4a0656ff87207d5a5c1fdc955360
