Repo,hash,branch
PIP-Technical-Team/aux_censoring,c98175830cb88bbead4e751cb2c4281fbfeadbaa,DEV
PIP-Technical-Team/aux_country_list,6d14c6c7b019dfa217c968bf8b4f5effa1548827,DEV
PIP-Technical-Team/aux_cp,63b2cb63a461fe68f8cbafa6e3eb4640f01e3d28,DEV
PIP-Technical-Team/aux_cpi,535de6c954ac56a24e50222564f603993ff0832a,DEV
PIP-Technical-Team/aux_dictionary,3c597365da8a9e6f25a5f571d427b52c27ac379d,DEV
PIP-Technical-Team/aux_dlw,c51a7a271b3b8566e3bd2a0c749179a1a2fc9e6a,DEV
PIP-Technical-Team/aux_gdm,f43c984a0fa1cede4dc4ee847201e8f9ba1f2ce1,DEV
PIP-Technical-Team/aux_gdp,07973496ab9fb30f80cf34d9969a13064695e676,DEV
PIP-Technical-Team/aux_income_groups,3dbf8467aa3fb09ef8053d43f039b7f9df79156b,DEV
PIP-Technical-Team/aux_indicators,47cc9fa6fc68c6ccc958029674c68c69e0f8daef,DEV
PIP-Technical-Team/aux_maddison,6051166dd0e0ca9c5f4f9438d7f756359f493014,DEV
PIP-Technical-Team/aux_metadata,328ed879227c0c7fef3f3f8a151fa0defe7c1a2a,DEV
PIP-Technical-Team/aux_npl,ae9abc913a987d8107f7b2d10f570cd24a2bd0d0,DEV
PIP-Technical-Team/aux_pce,6e5fa243d225112c8ff00d63b55be68ad9700886,DEV
PIP-Technical-Team/aux_pfw,6299794192c61f4ef85af847d03833ee7d2a2b8a,DEV
PIP-Technical-Team/aux_pl,e81910e2848e88d3b0319beec15b0b0b1a4f86d8,DEV
PIP-Technical-Team/aux_pop,218e0e08460f52485ed9ca8a245b759cad224cb0,DEV
PIP-Technical-Team/aux_ppp,916e11b8a30cbebbf0262a624ae92d8910343972,DEV
PIP-Technical-Team/aux_regions,8747ef071d672ea6e7ef5bc40702e99310f04d01,DEV
PIP-Technical-Team/aux_shp,373bd77aa1cb5f6c0d043356e9aa75f2e108ff61,DEV
PIP-Technical-Team/aux_sna,99aa56fb8cb03428301cff1464065d660e628987,DEV
PIP-Technical-Team/aux_sub,937dc962f7a3d39c2ae47e5b7e4d5b62c219e11f,DEV
PIP-Technical-Team/aux_wdi,5bf6cf3c903f6223b4bedb6bb82fe5a78befec85,DEV
PIP-Technical-Team/aux_weo,a,DEV
